date,buy_and_hold,vol_target,regime_only,vol_and_regime,vol_and_regime_LOOKAHEAD
2023-09-01,1.0084633244552885,1.0,1.0,1.0,1.0
2023-09-05,1.009740906795347,1.0004793853179779,1.000698100444203,1.0004364015467675,1.0004028849725002
2023-09-06,0.9735988267974542,0.9773770047869985,0.9670200896414831,0.9787157755096964,0.9846308868243888
2023-09-07,0.9451215822923136,0.9583275389798016,0.9398307709286199,0.9603792550278487,0.9813132117700749
2023-09-08,0.9484218112610815,0.9600712621167932,0.9417240533442451,0.9613640103826185,0.9817303623071983
2023-09-11,0.954702791295153,0.9630711959982412,0.9431317369734908,0.9620300150409437,0.983778661758225
2023-09-12,0.9384149335546051,0.9549065277559081,0.9370345473592356,0.9589406948097776,0.9767680413592311
2023-09-13,0.9272901713005779,0.9490566587763848,0.9313483479589861,0.9559348787997707,0.9715815907435881
2023-09-14,0.9354341001708517,0.9531242962212028,0.9349079315235772,0.9577169627905171,0.9754096242835046
2023-09-15,0.9315485047059398,0.9512215341451312,0.9330883185151455,0.95682550947915,0.973559431652567
2023-09-18,0.9473040913504299,0.9592341133687606,0.9422878963070889,0.9615248760846211,0.9814256334655788
2023-09-19,0.9531592380439654,0.9622333316442858,0.9462547366487699,0.9635728900372919,0.9843356982304272
2023-09-20,0.9341034224307074,0.952126984211965,0.9326293191585844,0.9562839931810089,0.9745243059513486
2023-09-21,0.9257997134494765,0.9475068998934015,0.9258531399244122,0.9524922907030166,0.9701897688414579
2023-09-22,0.9303775247583028,0.949855520805725,0.929069599375143,0.9541490058656232,0.9724725777124918
2023-09-25,0.9372438712885184,0.9533641984919811,0.9342700273995377,0.9568253058360243,0.9759143291686191
2023-09-26,0.9153139893208275,0.9417404788050712,0.9157674749234024,0.946952077859734,0.9646941088418445
2023-09-27,0.9071699781321039,0.9372038365415308,0.9084251193978832,0.9428419279018732,0.9605602856348745
2023-09-28,0.9085539159092341,0.9378858273581773,0.909445896107352,0.9433436518022855,0.9612312508161776
2023-09-29,0.9113217914634945,0.9392820307225069,0.9116895266014496,0.9444834320045498,0.9626129231045567
2023-10-02,0.9248417736497819,0.9463702550945834,0.9235975161948394,0.9507591736654489,0.9696833487576672
2023-10-03,0.9176557022607528,0.9424672010067487,0.9169316713426431,0.947117427990176,0.9658178701778853
2023-10-04,0.9243627625907098,0.9462592482505228,0.9232120114491427,0.9506886711584542,0.9695930129826426
2023-10-05,0.9310161512914323,0.9499895344201691,0.9295180709401772,0.9542488527541223,0.973324098397
2023-10-06,0.9447490913072129,0.9579056502482648,0.9427526253076312,0.9619243667084986,0.9812344265973935
2023-10-09,0.9527334870218789,0.9626178262691101,0.9505212970679211,0.9665382914411733,0.985914469694212
2023-10-10,0.9495396134901828,0.9606770768221794,0.9474095326445694,0.9646353230896201,0.9839737959266907
2023-10-11,0.9570448335088773,0.9653487395304813,0.9547575844542575,0.9692383671055862,0.9886557078998963
2023-10-12,0.9618886157288331,0.9683850035428939,0.9595132402852181,0.9722385787590807,0.991699148770301
2023-10-13,0.9519880934594287,0.9620035669536928,0.9497679704970743,0.9659166225467172,0.9853047547188191
2023-10-16,0.9512961245708635,0.9615351309891886,0.9490847198749965,0.9654511482423304,0.9848393645464698
2023-10-17,0.9429394025079961,0.9561605475777457,0.9408697945846819,0.9601338485391742,0.9794616076877893
2023-10-18,0.9359663712669096,0.9515609394864185,0.933999055038838,0.9555728875901947,0.9748773283772368
2023-10-19,0.9339438069566497,0.9502505950962579,0.9320093197730291,0.9542756387691423,0.9735710901790255
2023-10-20,0.9202107846224195,0.9415258408675219,0.9185117941577365,0.9456462998422202,0.9648817573107847
2023-10-23,0.9208494934739988,0.941935430397866,0.9191400349673546,0.9460516905691185,0.9652881770287056
2023-10-24,0.9231916180061728,0.9433538635574845,0.9214242217328446,0.9474435039984799,0.9666959639333436
2023-10-25,0.910736178012001,0.9354791191383686,0.9091915662333845,0.9396612326177107,0.9589920561504254
2023-10-26,0.8883272026667883,0.9208139920598407,0.8871116423365593,0.925122218127669,0.9453575176391907
2023-10-27,0.8954064247080471,0.9252439966475323,0.8940401525657041,0.9294840662898397,0.949207184543608
2023-10-30,0.906424666888103,0.9314249180139126,0.9042714626668412,0.9352572398821424,0.9550881191232068
2023-10-31,0.9089798315682197,0.9328943728178732,0.9066937721281171,0.9366595020481695,0.9565063705094204
2023-11-01,0.9260127535974189,0.943013035263267,0.9230662629889637,0.94644977576962,0.9663797754615483
2023-11-02,0.9451749246477488,0.9551447077870661,0.941691845057112,0.958322713951131,0.9778874900764011
2023-11-03,0.9402778823908073,0.9520015426919188,0.9369549841696824,0.9552639705290333,0.9749332056443938
2023-11-06,0.9540109870434872,0.9609464145371959,0.950099958440369,0.9638913720235187,0.9836185270555112
2023-11-07,0.967797022459354,0.9698930866522435,0.9634114012162309,0.9725921963101346,0.9923352937179492
2023-11-08,0.9734923890419324,0.9736420394125399,0.9689223410020146,0.9762464195792762,0.9960046289118953
2023-11-09,0.9709374713171649,0.9719196825292332,0.9664440492037999,0.9745633642747707,0.994299394357914
2023-11-10,0.9934826836967072,0.9875152219805856,0.9884565175376041,0.9899028541126023,1.00959133143852
2023-11-13,0.9849549862137174,0.9815703498319349,0.9801027861621349,0.9840355101788213,1.0039798728470022
2023-11-14,0.9990257611472555,0.991462322897892,0.9936889053856108,0.9936627834378016,1.0135731225188738
2023-11-15,1.0020636412166828,0.9935212243022501,0.996628055562319,0.9956714712352452,1.0155969060767631
2023-11-16,1.0111243506617782,0.9997945005936247,1.0054136329850285,1.0018006808894206,1.0218402200016887
2023-11-17,1.0110178305878068,0.9997073541647704,1.0053062030016544,1.001712552541328,1.0217521999455639
2023-11-20,1.0203983472101659,1.0065456309723833,1.0144896133770211,1.0084587033799706,1.0286012461903533
2023-11-21,1.0160811561132352,1.0033023585868261,1.01025107710173,1.0052499166979125,1.0253576793533
2023-11-22,1.0196522127816676,1.0060271319700356,1.013758458194363,1.0079467785788134,1.0280862055608764
2023-11-24,1.0125103464001521,1.0005879390213035,1.0067421587127656,1.0025620312464196,1.02263381078435
2023-11-27,1.011550924868362,0.9998248056783663,1.0057976675781966,1.001805000019945,1.0218709227447094
2023-11-28,1.0148020097226313,1.0022960423072136,1.00899050323753,1.004250658540993,1.0243507016003137
2023-11-29,1.0093124392644182,0.9980148288961392,1.0035921017279523,1.0000080483668363,1.0200554186724953
2023-11-30,1.012403661689281,1.0004801740028042,1.0066342635599796,1.0024529770235813,1.022524959953374
2023-12-01,1.0192790632489688,1.0058889892270828,1.0133944766746736,1.0078121953322683,1.027938850165307
2023-12-04,1.0096319994863323,0.9977179323783287,1.0038651225694517,0.9996785824105608,1.0198103786204882
2023-12-05,1.0308980654752715,1.0161341787624782,1.0248687101320795,1.0180079634071233,1.0378772805064702
2023-12-06,1.0250352631659096,1.0113474844869195,1.019088971135593,1.013252525908928,1.0332736947569905
2023-12-07,1.0354284613570441,1.0198247728442889,1.0292544077923766,1.021611350432337,1.0415986198286808
2023-12-08,1.0431035866560145,1.025930032386586,1.0367814959568082,1.0276475068588733,1.0476428349251592
2023-12-11,1.0296190837215675,1.0149562098519196,1.0235323182302187,1.0167813017753318,1.036765018905762
2023-12-12,1.0377737139903085,1.0217613216292074,1.0315595265187256,1.0235320514430242,1.0434596174529225
2023-12-13,1.0550957384150157,1.0349411445064183,1.048549305206429,1.0365593542372231,1.0564937372338856
2023-12-14,1.0558952151989491,1.035554535561626,1.0493340088354555,1.0371661257586757,1.0570988173269564
2023-12-15,1.0530171975589286,1.033273704272202,1.0465112574438271,1.0349139487113161,1.0548218172133854
2023-12-18,1.0440630081878046,1.025916929078892,1.0377026305911818,1.0276202683228175,1.0474768920830457
2023-12-19,1.0496590987199892,1.0305265523102645,1.0432144293789607,1.032195873049724,1.0520677613475136
2023-12-20,1.0384132460263857,1.0216860214894257,1.032146193077903,1.0234270192146324,1.043250774372848
2023-12-21,1.0376136869240027,1.0210263205787546,1.0313572794002879,1.022771063396314,1.04259745783124
2023-12-22,1.0318575693255116,1.0166356237518854,1.025694367249594,1.0184177806815846,1.038214825365554
2023-12-26,1.0289261270116061,1.0143456777660553,1.0228047288806383,1.016142966321103,1.0359308287720932
2023-12-27,1.0294591389737113,1.0147468241699944,1.023329989787903,1.0165414528183512,1.0363289676004537
2023-12-28,1.03175104925154,1.0165098959116334,1.0255900681341106,1.0182935453332198,1.0380628665451834
2023-12-29,1.0261545471271067,1.0120343064456707,1.0200658698901546,1.0138414529006978,1.0338579268532329
2024-01-02,0.9894319574216051,0.9816972830138051,0.9838012187773871,0.9836501095210173,1.0091834659832803
2024-01-03,0.9820234615813622,0.9756608899794256,0.9764873343273426,0.9776447705773152,1.006224963418404
2024-01-04,0.9695517225341405,0.9680062155048706,0.9656660739583758,0.9709394806663298,1.0005151566806547
2024-01-05,0.965660776369995,0.9656633932652539,0.9621546570520363,0.9688165268819812,0.9984823191916976
2024-01-08,0.9890056301703702,0.9790978694014384,0.9832252023216471,0.9810284604383466,1.0108243457763468
2024-01-09,0.986766979929527,0.977799718454424,0.9811231292634545,0.9798000748152336,1.0096498269972816
2024-01-10,0.9923633997355108,0.9811128104144764,0.9860977424240479,0.9827812841186537,1.0128656672962602
2024-01-11,0.9891654102813274,0.9791697602872291,0.9831098271921228,0.9809515173908762,1.0109199163554825
2024-01-12,0.9909243909155007,0.9802650021768924,0.9847737014412717,0.9819960141389521,1.0120158526203746
2024-01-16,0.9787189520532074,0.9724851929651572,0.9729776841451715,0.9744169093780229,1.0043032299658052
2024-01-17,0.973655626527779,0.9691057757241985,0.9680329338336683,0.9710906926111648,1.0010990486886475
2024-01-18,1.0053683153817374,0.9890977158180702,0.9989122714120183,0.9907104180833092,1.0190232920888418
2024-01-19,1.0209845368908075,0.9988393925264782,1.0141769326316152,1.0003099557324702,1.026093512473986
2024-01-22,1.0334032628563925,1.0066501359459383,1.0254957467860948,1.0074959837874569,1.0327766675848944
2024-01-23,1.0402787467345298,1.0110690943531067,1.0318335614989353,1.0116043129022214,1.0369129457920117
2024-01-24,1.0366543477106622,1.0086615875122327,1.028420962500936,1.0093179252230002,1.0345332122218438
2024-01-25,1.0348956140318382,1.007446754048737,1.026726995391154,1.0081379685131042,1.033318502217297
2024-01-26,1.0255683574464651,1.001023623341974,1.0176894160429901,1.0018605244678127,1.0269099123048284
2024-01-29,1.0218906983856115,0.9984305668724806,1.0140974324251473,0.9993061895746613,1.0243548962566444
2024-01-30,1.0022238329198887,0.9850909856640739,0.9948888034455343,0.9861664311703726,1.0113985724366508
2024-01-31,0.982823020683745,0.9717892218018144,0.9758674880863816,0.9730143737396119,0.9992140851928708
2024-02-01,0.9959344564039431,0.9798482705093761,0.9885453778785345,0.9808718870474712,1.0065575011803172
2024-02-02,0.9905512413828018,0.9768072564861163,0.9834367567051396,0.9779608896454237,1.0036569657164038
2024-02-05,1.0003047429009597,0.9825304782583638,0.9927542626265462,0.9834744385748939,1.0093017014518924
2024-02-06,1.0089392897317198,0.987603441325483,1.0010864714546033,0.9884117517245087,1.0143580198230004
2024-02-07,1.0095254794123611,0.9879483401109137,1.0016528926787895,0.9887479178146893,1.014702204361243
2024-02-08,1.0037161840953341,0.984302824229858,0.9959754563751415,0.9851542947140814,1.0110322402363099
2024-02-09,1.0078252741513067,0.9869657050330305,1.0000043345725105,0.9877878051175982,1.0137093345071377
2024-02-12,0.9987528754863474,0.9811029416389535,0.9910951622818966,0.9819813403394245,1.0078181192262268
2024-02-13,0.9874925347455884,0.9735384454700419,0.9800154407264424,0.9744739777357246,1.0002668844346032
2024-02-14,0.9827430894690417,0.9704280185341261,0.975347144195797,0.9713903985256819,0.9971688217287122
2024-02-15,0.9811951733400175,0.9694451460856938,0.9738281399803874,0.9704175857987629,0.9961854767405275
2024-02-16,0.9729234039172878,0.9642463953600475,0.9657030925398717,0.9652672581883677,0.9909569880286763
2024-02-20,0.968921080890636,0.9616559256968391,0.9617643919461557,0.9626962017290116,0.9883595260316952
2024-02-21,0.9729768285911731,0.9642115742247156,0.9657510657395524,0.9652297488092235,0.9909301552637622
2024-02-22,0.98391695056242,0.971161292278532,0.9765145010806057,0.97212566068615,0.9979187489041955
2024-02-23,0.9740443342474795,0.9646770023812521,0.9667900816008396,0.9656839127701917,0.9914382531061455
2024-02-26,0.9667863165333722,0.9597529052470516,0.9596449216772508,0.9607953033739708,0.9865345008688938
2024-02-27,0.9746312647941686,0.9648664695165909,0.9673533426326225,0.965862741268498,0.9916362603113876
2024-02-28,0.9681740409591908,0.9607247311184969,0.96100882905447,0.9617584459562871,0.9875103631352581
2024-02-29,0.9645983744575727,0.9583438141602735,0.957490756374272,0.9593958866316799,0.985169779094951
2024-03-01,0.9587815058431692,0.9545268614354385,0.9517688796425002,0.9556092422992514,0.9815158367664937
2024-03-04,0.9344463610923492,0.9384124096206586,0.9278119679305777,0.9396102467191603,0.9675930969933121
2024-03-05,0.9078696026364952,0.9208066094715531,0.9016464191984939,0.9221306252909185,0.956616316450013
2024-03-06,0.9025331444948095,0.9175332289994871,0.8964837795508428,0.9189369411403107,0.9546731315519131
2024-03-07,0.9018928715926849,0.9171565733864718,0.8958823931844636,0.9185793493745165,0.9543302499763736
2024-03-08,0.9111251326870511,0.9221668195601526,0.904305283167267,0.9231882575262803,0.9591357583862857
2024-03-11,0.9219051452735421,0.9281978481939264,0.9144736457286644,0.9289266138755374,0.9651133264943432
2024-03-12,0.9244667307927389,0.9296645935982962,0.9169190130851366,0.9303393921590196,0.9665808487382417
2024-03-13,0.913259814725865,0.923012084690681,0.9061139937989943,0.9238680211344799,0.9598647346181797
2024-03-14,0.923239280388576,0.9291782846978617,0.9158322486795561,0.9299258920558653,0.9660359533797575
2024-03-15,0.9212114476975324,0.9279614559054564,0.9138572165259047,0.9287301992280381,0.9648182653613254
2024-03-18,0.927081740985821,0.9315569548157868,0.9195910194526041,0.9322733171752288,0.9683950936713079
2024-03-19,0.9396761345231642,0.9394469636261467,0.9319464385891535,0.9400826949363185,0.9759425313456824
2024-03-20,0.9534980607831202,0.9483480778645684,0.9455356456753873,0.9489125177326897,0.9834138075735146
2024-03-21,0.9145405251670139,0.9227416507185601,0.9072779269348238,0.9235399027483443,0.9675373352858699
2024-03-22,0.9193969844282305,0.9260444712766681,0.9120406837112929,0.9268087285692298,0.9680816660066784
2024-03-25,0.9117655702260753,0.9218571207050393,0.9068176996010532,0.9238981298626243,0.9650500127589923
2024-03-26,0.9056818251975952,0.9184199731941863,0.9020636712767377,0.9211927077769467,0.9620159818706938
2024-03-27,0.9248937165915717,0.929214167865227,0.9180009050406801,0.9302123910967484,0.9720700045543844
2024-03-28,0.9151277026690523,0.9237575387743474,0.9094013145627354,0.9253662545347192,0.9669800754447063
2024-04-01,0.9073895214375765,0.9193094135220992,0.9028999165801517,0.9216091216706727,0.9626264275951634
2024-04-02,0.90103881767657,0.9157152310331881,0.8973706101955736,0.9184649905079739,0.9590297731597853
2024-04-03,0.9053616064280832,0.9181484399050348,0.9012577367866997,0.9206714522727919,0.9614989468421413
2024-04-04,0.9009321329656992,0.9156541043670112,0.8971227715660861,0.9183259441780003,0.9589495228572168
2024-04-05,0.9049880453031357,0.9180500911047245,0.9009871924934663,0.9206254883502158,0.9613915726238734
2024-04-08,0.8989578072669905,0.9144357861874622,0.8951403396561591,0.9170957008840861,0.9577472557931935
2024-04-09,0.9054683734574037,0.918465461932747,0.9015041803449315,0.9210629436746743,0.961677551699986
2024-04-10,0.8953821407653723,0.9122336225319866,0.891598978537809,0.9148993197977239,0.9561298811690888
2024-04-11,0.9341260600043876,0.9369711207868116,0.9297683013254838,0.9394448959421776,0.9718499959440503
2024-04-12,0.9421846246422748,0.941896847699926,0.937698190401463,0.9443275403230755,0.9724424405310305
2024-04-15,0.92158492650403,0.9294211932080321,0.9237433936957881,0.9358131670734005,0.9668538237744858
2024-04-16,0.9039206219652788,0.9183211122015558,0.9101663496532543,0.9272436191774018,0.9611658922984404
2024-04-17,0.8965560841772002,0.914011846815841,0.9054424435469925,0.9244688432563248,0.9582542337161947
2024-04-18,0.8914329131388065,0.9111757875479797,0.9026181694531982,0.9229017735755296,0.9557393746253663
2024-04-19,0.8805462158414445,0.905173194816855,0.8956296665453117,0.9190477042570314,0.9499424126846897
2024-04-22,0.8850289493408142,0.9076811151930211,0.8989195804432231,0.9208852525331427,0.9524154856073491
2024-04-23,0.8906857908889115,0.9107714800118367,0.9032831108908276,0.9232740818668873,0.9555496123359265
2024-04-24,0.9019995563035557,0.9171507630064185,0.9129499951638204,0.9287232260151557,0.9620284058595935
2024-04-25,0.9066422345507819,0.9198343757987131,0.917157753575305,0.9311570062972514,0.9647245641808787
2024-04-26,0.9034938008033456,0.9179591795486522,0.9142150839692953,0.9294032887767439,0.9628798159139778
2024-04-29,0.9259076329370933,0.931703606156505,0.9357673494316194,0.9426274931697142,0.9754962221225567
2024-04-30,0.9089905329666867,0.9212544488130645,0.9191997113776367,0.9323833753791295,0.9679831315546841
2024-05-01,0.9034938008033455,0.9177962164172944,0.9139985545819815,0.9291142637370531,0.965779628214524
2024-05-02,0.9233993897733318,0.9295462072535624,0.9322745500549791,0.9399093984475281,0.9723555599355239
2024-05-03,0.97863375245772,0.9620488397940797,0.9845719890242641,0.9707306941204061,0.9811000760196056
2024-05-06,0.9697215454959663,0.9568385859631151,0.9764394724571632,0.9659708808773707,0.9810196946692178
2024-05-07,0.9734038143900057,0.9589509109867749,0.9760240162744079,0.9657263787873949,0.9821298509363753
2024-05-08,0.9752182776593076,0.9599787646952532,0.9760462093661112,0.9657390608122911,0.9829550939207676
2024-05-09,0.9849842915818271,0.9656953739107467,0.976348572398711,0.9659171137137262,0.9883981371191118
2024-05-10,0.9781976293109655,0.9615884426205824,0.9759169181641199,0.9656538436537031,0.9843737650650433
2024-05-13,0.995458326490612,0.9722931697687556,0.9775419898553525,0.9666685490556507,0.9949087485893486
2024-05-14,1.001603728037952,0.9760642249579315,0.9783883251246401,0.9671946758135357,0.998593906513328
2024-05-15,1.0138415180509952,0.9836830363788153,0.9800971753644114,0.9682746288554346,1.0061532542908154
2024-05-16,1.0144824495007179,0.9840829220946161,0.980196349092206,0.9683377803988236,1.0065503535731914
2024-05-17,1.0146428881592728,0.9841805409843764,0.9802108360342805,0.9683458771652512,1.0066458738545998
2024-05-20,1.020895139054383,0.9883722259670832,0.9826763084403513,0.9700306357931154,1.010849127516746
2024-05-21,1.0278956646576847,0.9932019500689326,0.9864057440964803,0.9726554533230175,1.0156793356923441
2024-05-22,1.020147111301541,0.9877116697218156,0.9812396858288421,0.9689211005952305,1.0102348282348235
2024-05-23,0.9986647124266695,0.9721147670661304,0.964989423100035,0.9568892723562953,0.9950879170367011
2024-05-24,1.0152305595720097,0.9839663898895531,0.9784636733478885,0.9667201880268883,1.006072310949002
2024-05-28,1.0152842312012442,0.9839667760611378,0.9784578399499148,0.9666879682695996,1.0060829832631686
2024-05-29,1.0168873006915982,0.9850125609855979,0.979626474701635,0.9674651682941554,1.0071064260533673
2024-05-30,1.022231167493761,0.9886112200916214,0.9839455395222244,0.9704313546158981,1.0107002486905035
2024-05-31,1.027361417918833,0.9921661789506292,0.98839553996536,0.9735765721663825,1.0142609250456902
2024-06-03,1.0368733147869862,0.9989300590405301,0.9970000960593575,0.9798176041271857,1.021032933307542
2024-06-04,1.0385833159435602,1.000166443393483,0.9985740971315282,0.9809786652918977,1.0222666909494653
2024-06-05,1.0467063359275985,1.0062994570113464,1.0061854293231653,0.9868410855786648,1.0283426996925966
2024-06-06,1.0392780836594164,1.000509815032397,0.9991680085249204,0.9812614894464176,1.0227728752200835
2024-06-07,1.0521570520775316,1.010761200430138,1.0113607393028992,0.9911620572421546,1.0319278534384304
2024-06-10,1.0320105170051386,0.9951620261537159,0.9922733231311334,0.9760855653389597,1.0206136809373476
2024-06-11,1.1069850085755235,1.0544680271027738,1.0632331596519942,1.0333456798766465,1.0409092182586874
2024-06-12,1.1386208119974193,1.076492123670251,1.0926599780672954,1.0542469629024165,1.0407657973370739
2024-06-13,1.1448733921663286,1.080682094765509,1.09213406404374,1.0538752608642803,1.0413818719690717
2024-06-14,1.1355214400460316,1.0743481048390444,1.0921064142894352,1.053856125273736,1.0374235832659175
2024-06-17,1.157858962976865,1.0899204618819642,1.0925045781079856,1.0541393964622046,1.048783346618759
2024-06-18,1.145140433217305,1.0813056987167122,1.092027937595637,1.0538090449940138,1.042232980536701
2024-06-20,1.1205051553987109,1.064313118210914,1.0911123056600804,1.0531635980139622,1.0285961505350196
2024-06-21,1.1088021883536674,1.0565208513981925,1.0904329771814358,1.052705550888749,1.0223680976252878
2024-06-24,1.1122756976591508,1.0585714696877953,1.090551702796224,1.05277569726106,1.0241911316484051
2024-06-25,1.1172454271072179,1.0614663516639558,1.0908282969352767,1.0529399552945067,1.0268431266358955
2024-06-26,1.139582950038051,1.0749248748304365,1.0932341288742757,1.0544132250429552,1.0391654366251097
2024-06-27,1.1441251997765869,1.0777204151440314,1.0940149078333894,1.0549052963637482,1.041629234603362
2024-06-28,1.1255284741575624,1.066019721793537,1.0910965480446806,1.0530280039865452,1.0314471526168816
2024-07-01,1.158286442686396,1.087366674667205,1.0993772286540218,1.058527682946099,1.0482890852484748
2024-07-02,1.177096867000961,1.0986826642911165,1.1037629255148522,1.0612332733827508,1.056255621414465
2024-07-03,1.183937118582607,1.1028315235152728,1.1042877161313154,1.061562600146922,1.0595388308080924
2024-07-05,1.2095341228495842,1.1186804009701632,1.1068694884047094,1.0632124221052723,1.0731554394428025
2024-07-08,1.2174431971827324,1.1234156461007498,1.108137821257812,1.064003555280539,1.0771997875997759
2024-07-09,1.2220388715951536,1.1261920420041625,1.1086937494710396,1.0643541982970182,1.079661883428369
2024-07-10,1.2450174906126088,1.1404250786148304,1.1132394363344418,1.0672879710873553,1.092275974298043
2024-07-11,1.2161071687433544,1.1221048734381114,1.1044514536119145,1.0614605198256104,1.0771840610028645
2024-07-12,1.2319785774466372,1.1323369977739475,1.1089848184227562,1.0645072979170327,1.0850366069888244
2024-07-15,1.2526059345839966,1.1441980736750041,1.1122404706438895,1.0664570886582636,1.0947521946032963
2024-07-16,1.254850429434772,1.1455043149121187,1.1126677971373324,1.0667183806940255,1.095822178006594
2024-07-17,1.2231077766651062,1.1266298411281706,1.1059174149772701,1.0625030398698063,1.0804897409676046
2024-07-18,1.1979913475077466,1.111087709774981,1.0975640794131223,1.0571129868274873,1.0695377854752466
2024-07-19,1.198686115223603,1.1114345170630606,1.0975730174497687,1.0571043703641123,1.0698145162970036
2024-07-22,1.1968159223638233,1.1104429265783093,1.0973358279863061,1.0569729131483228,1.0689602594051253
2024-07-23,1.202426912535412,1.1134429486058477,1.098346294433815,1.0575345736777986,1.071617213005681
2024-07-24,1.1678519288653344,1.094473948361567,1.0882421498999066,1.0517713599679128,1.0552685282766883
2024-07-25,1.1622409386937458,1.0912544632303847,1.0858141301490063,1.0503360185473007,1.0528257693592995
2024-07-26,1.1647524745954971,1.0925017424887398,1.0860439253789047,1.0504413434113262,1.0539390277814018
2024-07-29,1.1662487770565308,1.0932708304331105,1.0863472366009232,1.0506022763588818,1.0546316810654728
2024-07-30,1.1692414642970475,1.0948582012730823,1.0873340317400961,1.0511432905290248,1.0560946669535962
2024-07-31,1.18676920252767,1.104520428381253,1.095779636487043,1.0559512232455475,1.0647896145760296
2024-08-01,1.1668900377800522,1.0932488198706003,1.0835833862122604,1.0487924299868183,1.0556188206301926
2024-08-02,1.1749058791425213,1.097904396965309,1.0887176736285287,1.0518732697808708,1.0587013711314688
2024-08-05,1.118314167540271,1.0668534257106788,1.0542199750180943,1.0323022814452298,1.042638150119432
2024-08-06,1.1074125706035052,1.0605407882779874,1.046362168781453,1.0276329137270777,1.0423008287075386
2024-08-07,1.1212534301069026,1.0671160757158897,1.0462779216417035,1.0275502717658902,1.045600256118935
2024-08-08,1.1399034157629127,1.0759622514725442,1.0469914136553946,1.0278995646233193,1.0520261799902253
2024-08-09,1.1555610434522048,1.0835131166471106,1.0479110774078801,1.0283610080936911,1.0582179421714635
2024-08-12,1.1638001324503853,1.0875425651094497,1.0484673532463311,1.0286457947521115,1.0617764684015012
2024-08-13,1.1838093603486017,1.0975307651446795,1.0502760115359917,1.0295938392047619,1.0709898275962244
2024-08-14,1.1862170103667737,1.0987497406525704,1.0505962778638465,1.0297656757157474,1.0721181251451681
2024-08-15,1.2022672147429048,1.107068508276936,1.053044759984504,1.0311086076132263,1.0799762012177665
2024-08-16,1.2093828215389515,1.1108458899662823,1.0547213386394279,1.03205593539663,1.0835488473680348
2024-08-19,1.2085266273431432,1.1103757279825905,1.0544443515933295,1.0318944570584903,1.0830978292295579
2024-08-20,1.211843731594109,1.1122127007752516,1.0557109070729824,1.0326424036254098,1.0848548995944272
2024-08-21,1.2112553193153246,1.1118685989725068,1.0553273134706749,1.0324056290562962,1.084525069051748
2024-08-22,1.2012505818885417,1.1059872720705644,1.0489176364663741,1.028391263512667,1.078899066341396
2024-08-23,1.2136092153858125,1.1134361813265237,1.0577516246663354,1.0340619706513452,1.0859946570877206
2024-08-26,1.2154282884883,1.1145094711669363,1.0591042673714193,1.034920387740114,1.0870169779031364
2024-08-27,1.2199759712445195,1.1172502823162969,1.0626654964106117,1.037207781905478,1.0896339909666442
2024-08-28,1.2117367999278894,1.1121223648646077,1.0559000548847308,1.0327204756577935,1.0847509130922868
2024-08-29,1.2293919671187186,1.1233860825943318,1.070678273304983,1.0427679238138592,1.095358134772761
2024-08-30,1.225165326316509,1.120722478940016,1.0671012820930084,1.0403718982721264,1.0929018908216337
2024-09-03,1.1918345860143427,1.0994564493122303,1.038948016804608,1.021227616982113,1.073920908750161
2024-09-04,1.1815625605812343,1.0927992318019069,1.0301855829239095,1.0151766259363655,1.0685720358841457
2024-09-05,1.1897480602686301,1.0974705712313215,1.0346424611283531,1.0178723613064475,1.0727710179955976
2024-09-06,1.1814019572857797,1.0927326608911236,1.0292628393128735,1.014620952276919,1.0683421820575836
2024-09-09,1.181883437898344,1.093004938200795,1.029562194239126,1.0148012051573854,1.0685955309450983
2024-09-10,1.1776032077853498,1.0905236461037024,1.0262975462769448,1.0127873561764058,1.0662297154258555
2024-09-11,1.1912460914171081,1.0986615771897932,1.0371183487579667,1.0196659559368446,1.0739746621524695
2024-09-12,1.1918345860143424,1.099011578366302,1.037585455939466,1.019962104648397,1.0743056736854313
2024-09-13,1.1903899795397495,1.098122320328348,1.0364201380199314,1.0191993413833957,1.073491421680589
2024-09-16,1.1573266095623582,1.0773172817181982,1.0093672918994963,1.0010528419952431,1.0557263375069998
2024-09-17,1.1598411912467501,1.0789367719585814,1.0114375738874513,1.0024734399321402,1.0566987150866647
2024-09-18,1.1807063663854258,1.0908551342613768,1.0231942857714014,1.0096167601323658,1.0648193634571494
2024-09-19,1.2244698177346047,1.1164975145462825,1.0530865939796368,1.0283239298846263,1.0794178988849172
2024-09-20,1.2208854254773136,1.1143937283714478,1.0507023084041072,1.0268316302583258,1.0785116595121123
2024-09-23,1.2116298682616693,1.1090061639255386,1.048907633725737,1.0257117569922047,1.0743229552967744
2024-09-24,1.216444839024214,1.111847129423989,1.050409909879032,1.0266594857891764,1.0767578930554915
2024-09-25,1.21109479833832,1.1087180700898276,1.0478528547042254,1.025063395996851,1.0738698990450832
2024-09-26,1.2172473615907877,1.1124049960497158,1.051532570440143,1.027421052528583,1.0772936930894714
2024-09-27,1.2186917211100314,1.113273516621078,1.0524884037467257,1.0280356505977202,1.0780924366615467
2024-09-30,1.2465656536969834,1.130466918730105,1.0735598402058635,1.0419338384280745,1.0931331094756338
2024-10-01,1.2102387687794107,1.107566173929602,1.0448912970125024,1.0225923733771443,1.0764841286119202
2024-10-02,1.2132882557502522,1.109510404443168,1.0469901370580224,1.024025364388496,1.077702262296307
2024-10-03,1.207349802785574,1.1061325704220695,1.0447959436971959,1.0226738440329894,1.074894841550558
2024-10-04,1.2133954343718218,1.1096230386299728,1.0477796983989038,1.0245161179947848,1.0779662327443646
2024-10-07,1.1860564893897694,1.0937654459118937,1.030560992593238,1.0138372455919265,1.0639415806135273
2024-10-08,1.207884790390474,1.1068359830454209,1.0462506966967642,1.0238602590665518,1.0746897744140247
2024-10-09,1.2280544569472454,1.1179021684065282,1.0572557247660184,1.0303033726247703,1.0841347886180108
2024-10-10,1.2253794366042985,1.1164157161422708,1.055803831833223,1.0294439672555822,1.08280028596926
2024-10-11,1.2174080472046922,1.1119255115343514,1.0512873392570317,1.0267214151504782,1.0786278687433914
2024-10-14,1.237470617458344,1.1234238708508069,1.064804656263918,1.0350059055430312,1.0893568095667308
2024-10-15,1.251113336453203,1.131171727172107,1.0746881679793958,1.041017454079542,1.0965417526914172
2024-10-16,1.2400386238166214,1.124813775160805,1.0667424699453047,1.036136807943914,1.0905866645601532
2024-10-17,1.242018135577664,1.1259676698934502,1.0682058934007992,1.037050421459355,1.0916705075609643
2024-10-18,1.257265899705671,1.1347570544111212,1.0798165729812532,1.0442269332648608,1.0999883631560041
2024-10-21,1.2651840290682916,1.139419753407115,1.0860570200306758,1.0481645338111942,1.1043812822419918
2024-10-22,1.2618670071357754,1.1374279924793371,1.083442105969407,1.046483605707624,1.1025053622698517
2024-10-23,1.2345816514645074,1.1207129965996587,1.0615814417056926,1.0321335735421726,1.0869420319317276
2024-10-24,1.2335651009285935,1.1200749065689048,1.0607551809099334,1.0315781300135751,1.0863643173460227
2024-10-25,1.2380591120555784,1.1226265507195357,1.0638140410432808,1.0334341183466105,1.0887601653850725
2024-10-28,1.2487058510719302,1.128861500346879,1.071816616119946,1.0384553443521047,1.09464125789023
2024-10-29,1.2501502929096238,1.1297180134506344,1.0729323731784453,1.0391645959272018,1.0954488601145371
2024-10-30,1.2310505192442014,1.1180413810580507,1.0577252649702555,1.0292005269532838,1.0845367506110508
2024-10-31,1.2086338059647128,1.1038988799935894,1.0396011693754663,1.0169500995165146,1.0717773689094021
2024-11-01,1.1925836839070314,1.0942203983724024,1.0272483863348194,1.008971314074499,1.0631875958879977
2024-11-04,1.1877684661891375,1.0914437269434227,1.0238470661288208,1.006870403333038,1.0606686908506355
2024-11-05,1.1954725675824185,1.0957113362459248,1.029176696876794,1.010029906750464,1.0646726426656272
2024-11-06,1.191567051052668,1.0935247441834275,1.0262274879139854,1.008262116097793,1.0626086640097818
2024-11-07,1.217033415939898,1.1081124331367087,1.046079568670312,1.0204367281480982,1.0762985360327857
2024-11-08,1.2155872454147596,1.1072767776188426,1.0449182655116371,1.0197178893747516,1.0755329529578328
2024-11-11,1.2009654307786215,1.0987826047271667,1.0341869363228413,1.013044370556072,1.06756799992874
2024-11-12,1.2009654307786215,1.098775586385877,1.0341612469091956,1.0130225023138666,1.0675613892032674
2024-11-13,1.2057323275665144,1.1015174890274544,1.0377903474860093,1.01525729358792,1.0701622356327634
2024-11-14,1.2223357942433883,1.1113272461544843,1.0509166437520785,1.0235623330407608,1.0794488780834077
2024-11-15,1.2050895851108971,1.1009177768579876,1.0370256895798269,1.0145807094839865,1.0697172900762275
2024-11-18,1.2212645019383934,1.1108575839466335,1.049845305427822,1.0230265695222611,1.0789455233830259
2024-11-19,1.2226571654711966,1.1116592607401026,1.0508878269964428,1.0236687559719482,1.0796999805339769
2024-11-20,1.2265132086126498,1.1139512049908697,1.0538358236909637,1.0255460363100586,1.0818707545557067
2024-11-21,1.2239425680639806,1.1123697169724251,1.0517816280450847,1.0241922886082608,1.0803632009957072
2024-11-22,1.2311730914158727,1.1168927590884365,1.0576014674961707,1.0280930844049487,1.0846715651635659
2024-11-25,1.2472409119402492,1.1270752601838052,1.0706246290773236,1.0369367690828832,1.094351330990322
2024-11-26,1.2589704678445608,1.1346302718783283,1.0801509884362763,1.0435132597307915,1.1014929917660894
2024-11-27,1.2582742183966091,1.1341714422848854,1.0795865910970204,1.0431237155942645,1.1010571023516171
2024-11-29,1.2711284912798004,1.1426771560283933,1.0898813972774453,1.0504259743045805,1.1091389855171685
2024-12-02,1.2832329254042552,1.1508176744455632,1.0996624894876066,1.0574786045419224,1.1168523291744676
2024-12-03,1.2996221171564402,1.1619777921436922,1.1128348223653626,1.067100480415043,1.127414279086714
2024-12-04,1.301550344523291,1.1633145992803193,1.114405695058764,1.0682686555795486,1.1286777840846685
2024-12-05,1.3017109478187456,1.1634238988532197,1.1145325327459106,1.0683670830587972,1.1287789717546834
2024-12-06,1.300639655513751,1.162636664918247,1.1136469372982798,1.0676692662196148,1.1280294755739804
2024-12-09,1.3215816337660398,1.1781315001011516,1.130937746424668,1.0813903385745411,1.1427349327729814
2024-12-10,1.3270446153649849,1.1822227539403438,1.135454270969956,1.0850184160116454,1.1465833242571286
2024-12-11,1.3201889702332363,1.177072633725043,1.1298888425018974,1.0805352901868432,1.1416981235930967
2024-12-12,1.3280622360407455,1.18309727766836,1.136333272932247,1.085824661166158,1.1474147065692943
2024-12-13,1.328972842731836,1.1837815808940164,1.1370794773678485,1.0864277754357017,1.1480647724034048
2024-12-16,1.3445586064145,1.1957742587414437,1.1499111503981128,1.0970185310554401,1.1594245702341053
2024-12-17,1.3576270719039305,1.2060527013112348,1.1607025707857237,1.1061231816194361,1.169044929322066
2024-12-18,1.3285442928824582,1.183026392692784,1.1368683878798829,1.0858857284822063,1.1478606417820238
2024-12-19,1.3378636468966558,1.190485777348833,1.1445044020813058,1.0924425363579184,1.1544212114882233
2024-12-20,1.3630367111474402,1.2083872220060532,1.1633478420571686,1.106812240544926,1.1707986768419687
2024-12-23,1.3672142901536015,1.2113979253305667,1.1665899446930905,1.1093199479293687,1.1735449782821532
2024-12-24,1.3829071501393853,1.2227200528593467,1.1784310836445615,1.1184886348935947,1.1841177219100145
2024-12-26,1.3872988394333359,1.2259405683468885,1.1818703785595976,1.1211963949637354,1.1871300528298752
2024-12-27,1.3689282425957636,1.2123051031249543,1.1672625773548422,1.1095566697086927,1.1743946879576985
2024-12-30,1.350771509090632,1.1985079048962466,1.1525368679673147,1.0975458497212316,1.1618337114192914
2024-12-31,1.3412378801517455,1.1916405307119908,1.1449386651695181,1.0916711610592318,1.15569251746667
2025-01-02,1.306049294757261,1.1676519243198595,1.1173534414459518,1.071489495396686,1.1347326220078804
2025-01-03,1.303424900260908,1.1658737193125002,1.1152524097504293,1.0699739312686225,1.13327562317325
2025-01-06,1.312208608122608,1.171066176596744,1.1207067473655503,1.0734226210454472,1.1379350752381692
2025-01-07,1.2972655868955612,1.1620103944614475,1.1099745312113796,1.0664428771677321,1.1296896501166473
2025-01-08,1.2998898167550148,1.1636320497389263,1.1119472541127189,1.0677507866453901,1.1311437684176082
2025-01-10,1.268557521457333,1.1447700470132918,1.0879094999267989,1.0522313649054809,1.1149369702236485
2025-01-13,1.2554355489755675,1.1365757686820963,1.0774067055346725,1.045202191940226,1.1089910308945223
2025-01-14,1.2494368389056751,1.1331262099490806,1.0732670272132867,1.0426471593662237,1.106496277404137
2025-01-15,1.2740207500116274,1.1468680292292015,1.0906964771366223,1.0530934615108614,1.1154110619457929
2025-01-16,1.2225500691680773,1.118098150487129,1.0517703036787993,1.0297565417529508,1.104454216049998
2025-01-17,1.2317624091976052,1.1233765318521798,1.058440670547542,1.0338533696189705,1.104620018375644
2025-01-21,1.1924495871523952,1.104076602204295,1.0544142401589485,1.0317025654040495,1.1007797205291365
2025-01-22,1.1988230931239816,1.1073240879864723,1.0557148435242265,1.0324038281040444,1.1013609716507724
2025-01-23,1.1979125687513408,1.1068746713626607,1.055574044090897,1.032328473403377,1.101053187847982
2025-01-24,1.193199425911132,1.104615569197099,1.0548206386149224,1.0319473684139429,1.0996795773766859
2025-01-27,1.2311194197866393,1.1232840045562327,1.065883936151937,1.037704454322667,1.1093233805061067
2025-01-28,1.2761095806739333,1.145476665617376,1.0853404187674396,1.0479459302497607,1.113350786945573
2025-01-29,1.2820011121222563,1.1483445167428177,1.0860521521474007,1.0483191778768894,1.1137480854351867
2025-01-30,1.272520990175705,1.1437451555556328,1.0857642906631926,1.0481686140306334,1.111384565606037
2025-01-31,1.2640050642310288,1.1394649150028318,1.0846914451092529,1.0475904957619404,1.1089073657590627
2025-02-03,1.2212110772645088,1.1179276055211635,1.0750162560522685,1.0423737494750935,1.0974711939938733
2025-02-04,1.2468661160385566,1.1310818371087998,1.0840998955593002,1.0473071938884366,1.1015642476665186
2025-02-05,1.2450986566040596,1.130242498830466,1.0838192245585496,1.0471586373944572,1.1010856491802574
2025-02-06,1.2491155499963165,1.132059924063692,1.0841093852208459,1.0472987013528778,1.1023920554247824
2025-02-07,1.2191757535945382,1.118092592245405,1.0781132976881853,1.0443181598740354,1.091158203374242
2025-02-10,1.2206234881702216,1.1187898563423202,1.0785380841405727,1.0445352573128341,1.091687478586176
2025-02-11,1.2472716990404553,1.130914657424353,1.0837285592968773,1.0470271336828516,1.1017909948562752
2025-02-12,1.2700595862098492,1.1415760616765256,1.0916566808191075,1.0509812034691575,1.1104695786909518
2025-02-13,1.2950457875797106,1.1533869562130972,1.098979186062319,1.0546923859071866,1.1203462822326997
2025-02-14,1.3115066787016243,1.1612572884528247,1.1040230064416685,1.0572911326566221,1.1271304705509757
2025-02-18,1.3108096060691752,1.160913457299066,1.1038110447327043,1.0571819501546662,1.1268019556309632
2025-02-19,1.3129544132773079,1.1619714715189842,1.1045849057122379,1.0575953278557233,1.1277872861328644
2025-02-20,1.318101703621477,1.1645968767475101,1.1072458123524809,1.0590650498037144,1.1302753380726565
2025-02-21,1.3166004620534588,1.1637913321525974,1.1061957594932492,1.0584571629820319,1.1295099687955021
2025-02-24,1.3249113327398179,1.1683147389093576,1.1121494821481914,1.061965695723793,1.1337866972533055
2025-02-25,1.3245894676013108,1.1681261597846453,1.1118756592670203,1.0617932323074597,1.1336175725647286
2025-02-26,1.2887723808430154,1.147594516000296,1.083740194680519,1.0443286988595446,1.115516676432398
2025-02-27,1.2723651613503357,1.137824751731139,1.0706022802586523,1.0358629176703984,1.1082899706481182
2025-02-28,1.2967079617169823,1.1507009904577172,1.0861253645933246,1.0447394068131577,1.118500189105559
2025-03-03,1.2762793213173096,1.1402493632963664,1.0727545348975374,1.0373354453002497,1.1100556174269811
2025-03-04,1.265019392168799,1.134353783737623,1.06563019909032,1.0333056455834675,1.1051126942888532
2025-03-05,1.264000783671642,1.1338275257949721,1.064993666349391,1.0329499103111863,1.104665432524586
2025-03-06,1.2618023871527246,1.1327272491663996,1.0634915153643263,1.0321402075478656,1.1037118044553749
2025-03-07,1.281855737740005,1.1430411414779857,1.0781731839537945,1.0403044655609544,1.1117150686597346
2025-03-10,1.2197118936577342,1.1103511347614272,1.032763815929659,1.014458835541831,1.095645729653904
2025-03-11,1.1841094110979271,1.0908757083378564,1.0066983753815988,0.9990761798181845,1.0954456487148634
2025-03-12,1.163412577188982,1.0814012200488867,1.0059018589113162,0.9986396476332521,1.0952804489706898
2025-03-13,1.1242710598376933,1.064745876054088,1.005582963677877,0.9984945015832575,1.094043249192508
2025-03-14,1.1446998648742657,1.073364990036126,1.0061046401004028,0.9987254842836296,1.0947768379742862
2025-03-17,1.1474342368194794,1.0744030451738518,1.006105179689297,0.998725212935904,1.095226016025717
2025-03-18,1.1404101681395504,1.071606237462704,1.0058986722950154,0.9986382154941692,1.0928423525136488
2025-03-19,1.154083015687016,1.0772657699091774,1.0071074849972264,0.9991674393464148,1.0980502057817885
2025-03-20,1.147970459201125,1.0747023345332327,1.0060566301254117,0.9986993825546628,1.0955960708877415
2025-03-21,1.170329384928892,1.0843792662994711,1.0112788881135308,1.001096552577988,1.1049270091628598
2025-03-24,1.1835194347685978,1.0901281936299543,1.0157177975714706,1.0031640809398505,1.1103646899938262
2025-03-25,1.1997122146996888,1.097311880262284,1.0206591417792559,1.0055188745795598,1.1172156396729156
2025-03-26,1.1878089668664134,1.091900053963829,1.015979875001918,1.0032281683691888,1.112131465627775
2025-03-27,1.2002485193997843,1.0977205341854939,1.0214999132999907,1.0060030142042053,1.117427772964662
2025-03-28,1.1683455102900129,1.082927074690351,1.0052755569801481,0.9979033834781951,1.105065603216239
2025-03-31,1.1910261365193875,1.0938829834258064,1.0186556780789195,1.0048259903670134,1.112018968861104
2025-04-01,1.1967096492452025,1.0963905849960789,1.0202440676663376,1.0055719158316287,1.1136807404038993
2025-04-02,1.200462876642923,1.0980880128903148,1.0212753277700246,1.0060774870947917,1.1148191952583602
2025-04-03,1.0894727462134552,1.046062685248093,0.9758930916298816,0.9831692421537076,1.0875308237998509
2025-04-04,1.0100639243921512,1.0056346602059818,0.9308637970597976,0.9591162314177282,1.0873870487618396
2025-04-07,0.9729598709905264,0.99171360519666,0.9305696396305801,0.958955560422915,1.0873870486268655
2025-04-08,0.9244887921372718,0.9769029130689388,0.9305696367300291,0.9589555595291737,1.0873702568537529
2025-04-09,1.0662023906101,1.0196465707628632,0.9307818978766247,0.9590180045331036,1.08737185587254
2025-04-10,1.0210019884021544,1.0081584705185977,0.9307778442796794,0.9590168812522446,1.0873718501312994
2025-04-11,1.0624491632123796,1.0190014764604636,0.9307778041926258,0.9590168702850504,1.08737542947078
2025-04-14,1.0858804513849882,1.0246834039497008,0.9307872849724108,0.9590193426828737,1.087396208592632
2025-04-15,1.083842740479975,1.024173254957136,0.9307847574010952,0.9590186562671112,1.0873443878462374
2025-04-16,1.0416451506818651,1.0132386421836779,0.9300648911302959,0.9588153635099803,1.0858927882262408
2025-04-17,1.0561756741572348,1.0172780386512372,0.9311069779502417,0.9591227383968461,1.0859658105899166
2025-04-21,1.0356935267652272,1.0118825021370617,0.931000149024815,0.9590921615272465,1.0852123788760086
2025-04-22,1.0709744734603268,1.0217153387842743,0.9322721334088523,0.9594661686127818,1.086545444954178
2025-04-23,1.0970330372750297,1.0288139165453238,0.9332621310086188,0.9597571005530081,1.0873424470805462
2025-04-24,1.1172470734762143,1.0344175281025318,0.9334151770331138,0.959803885432116,1.089128821333096
2025-04-25,1.1221264172664605,1.0358000256006994,0.9334905755434981,0.9598276592720821,1.0899663875217738
2025-04-28,1.1267375675474336,1.0371540591918664,0.9336449588078177,0.9598782782373968,1.0911257597738488
2025-04-29,1.1324747519024831,1.0389099947430174,0.934177595488854,0.9600608279452691,1.0927962320813693
2025-04-30,1.1393915596423931,1.0411139086719932,0.9354445979706726,0.9605138055973758,1.0949145399769988
2025-05-01,1.143788270361778,1.0425656904528782,0.9367171252965106,0.960986837942848,1.0962256478573842
2025-05-02,1.101054375863573,1.0278295409403992,0.918541896856122,0.953933782163351,1.0858403475143323
2025-05-05,1.0664168301716883,1.0150945474406825,0.8993212259962486,0.9460729822221758,1.0846206896315396
2025-05-06,1.064379448540474,1.0143764165668963,0.8989238513792347,0.9459117390367751,1.084530651003409
2025-05-07,1.0522615965087108,1.0104054076847264,0.8987484086513625,0.9458477092348605,1.082272059369608
2025-05-08,1.0589102930577978,1.0127541088865912,0.8991426050713355,0.9460010341393675,1.0838130326054254
2025-05-09,1.064486462525144,1.0147423615040774,0.8996874896433747,0.9462148201593436,1.0851614500542546
2025-05-12,1.1317048274420085,1.040019641784546,0.9123456778912796,0.951467531753054,1.0984667586412278
2025-05-13,1.1431942604284107,1.0444088459730099,0.9156252452085532,0.952890677303392,1.0983633611306045
2025-05-14,1.1399728925344994,1.0431497104788825,0.9154598735205495,0.9528189452216435,1.0974315241902228
2025-05-15,1.135248307429776,1.041203264828368,0.915273200384242,0.9527319732511258,1.0956584001470497
2025-05-16,1.1342282172005234,1.0407605800426822,0.915141734310938,0.9526681283926552,1.0952137913677116
2025-05-19,1.1209134549094528,1.034929881661094,0.9127380765431499,0.9514746034248132,1.0895065501111123
2025-05-20,1.1106052093584564,1.030180375169645,0.9096410657935435,0.9498650241072855,1.0850408222498449
2025-05-21,1.0849956103686684,1.0186004380258453,0.9009081106295365,0.9454236327258457,1.0748511355114931
2025-05-22,1.0810763466578104,1.0168150987864535,0.8992231167666624,0.9445666717246083,1.073519236586047
2025-05-23,1.0483800346478365,1.0030735089749037,0.8909375733214795,0.9406739976536831,1.063897175993014
2025-05-27,1.0749023806084086,1.0147572729642216,0.9008600932457351,0.9454985389276805,1.0696651491334639
2025-05-28,1.0760297317776801,1.0151698630724324,0.900815581923569,0.9454689679450472,1.0699233854784738
2025-05-29,1.073506259700716,1.0141389437839332,0.9006575842987007,0.9453987369987931,1.0689355816961006
2025-05-30,1.0783382703823579,1.0161943117596466,0.9012463892976598,0.9456779253191934,1.070952362192278
2025-06-02,1.0829018405993778,1.0182083802933817,0.9022443746236084,0.9461692291927669,1.0730000763835121
2025-06-03,1.0913309205795718,1.0221099406168683,0.9051589955545568,0.9476754246314312,1.0770124731572306
2025-06-04,1.0889149563979754,1.020926883807797,0.9039298360675446,0.947004698279265,1.0757949201221546
2025-06-05,1.0771570829469514,1.0149607730479189,0.89709029086841,0.9431280206541124,1.0696724172211758
2025-06-06,1.0948206466196548,1.024215509890982,0.9087829555955392,0.9499641834549025,1.0790478803532764
2025-06-09,1.0815596382762684,1.0173601458779264,0.8982134704639798,0.9438623390450894,1.0721857049145567
2025-06-10,1.0881095526856603,1.0208810360668705,0.9033117906244794,0.9469320257609202,1.0757101441819203
2025-06-11,1.0672247034374953,1.0100952455562997,0.8871027423788951,0.9375788600836725,1.064874433194285
2025-06-12,1.0694796527313883,1.0113090363420447,0.888883437366215,0.9386493822514353,1.066070207472238
2025-06-13,1.05471526254029,1.0039660674035373,0.8778053549943154,0.9324954196429494,1.058687530730532
2025-06-16,1.0652918662374586,1.0094921871062636,0.8860964952980817,0.937330435045954,1.06421942266695
2025-06-17,1.050366543477107,1.002061476453985,0.8745414204235213,0.930908475290026,1.0567307172648812
2025-06-18,1.0554131583572368,1.004687090877031,0.8785123408830358,0.9332137639062321,1.0593595509601166
2025-06-20,1.0791435917762222,1.01646013416919,0.8968940045792926,0.9433899361606025,1.0712191059150584
2025-06-23,1.08182807874089,1.0178301526550084,0.8990127328178554,0.9445976361434271,1.0725723386164576
2025-06-24,1.0753854252715174,1.0143933698562408,0.8941775578294306,0.9417334443901796,1.0690672297813195
2025-06-25,1.082150026197847,1.0181550147753438,0.8994620318069152,0.945014898761488,1.0729229569205265
2025-06-26,1.0791435917762224,1.0164827653405608,0.8970727560571315,0.9435313080558232,1.0712010755228545
2025-06-27,1.0795731294469972,1.016719373854829,0.8974127286940061,0.9437403976651864,1.0714447429712708
2025-06-30,1.1015318228720992,1.0296995730511331,0.9150321673011969,0.9553703764649725,1.0846487479787799
2025-07-01,1.1157594144524035,1.038400493913617,0.926471410038744,0.9631840430528075,1.0931824458246417
2025-07-02,1.1405636097298761,1.053902933293812,0.9455555196948429,0.9765230903757713,1.108351268001308
2025-07-03,1.1465228892623403,1.0577039324167319,0.9501826576665597,0.9798217895216937,1.1120005801064268
2025-07-07,1.1271950934911212,1.0450983479735991,0.9359800614417126,0.9694806190117436,1.0994666546114122
2025-07-08,1.1275171232665278,1.0453038588063086,0.9362065350974218,0.9696416313645837,1.0996715741988097
2025-07-09,1.1335839930128098,1.0489151218988821,0.9407511238890527,0.9726624011775604,1.1033637549422126
2025-07-10,1.1404024302052733,1.053194853981562,0.9460823116525322,0.9764019752372807,1.1077584733724233
2025-07-11,1.1336913362712786,1.0488053639396901,0.9407339125752506,0.9724929087559029,1.1032420238717122
2025-07-14,1.1200543795679019,1.0395767751048681,0.9298201649906006,0.9642399783161363,1.0937745367215481
2025-07-15,1.1226851949033352,1.0413196508467082,0.931922878864645,0.9657963818915605,1.0955518826632862
2025-07-16,1.1283226092972924,1.0447799398019224,0.9363562619550695,0.9688365197669639,1.0991191166275263
2025-07-17,1.1275708772142117,1.0442826233903397,0.9357499223444825,0.9683885926162529,1.0986049141627374
2025-07-18,1.1337986795297472,1.048417983307311,0.9407402327873902,0.9720913629353536,1.1028772608085915
2025-07-21,1.1407782962468134,1.053187335290731,0.946344646701754,0.9763709198996604,1.1078025362447346
2025-07-22,1.1510864594793602,1.0604549055843,0.9546204203034082,0.9828914630574398,1.1153013573346844
2025-07-23,1.1497441748378014,1.0594675913079517,0.9535433926932965,0.9820064543837644,1.1142846486785434
2025-07-24,1.147650405068511,1.0578964600721235,0.9518675941079984,0.9806035235505577,1.1126623646880376
2025-07-25,1.148294793893123,1.0583778208331147,0.9523830922839864,0.9810338871501576,1.1131591622505999
2025-07-28,1.1492073762270074,1.0590734377577276,0.9531152869670815,0.9816576370448931,1.1138760970743293
2025-07-29,1.1342820534666558,1.0472270660226777,0.9411208693296386,0.9710179925614452,1.1018133690665877
2025-07-30,1.122363000491029,1.0374484034600209,0.9315345513635531,0.9622287524089271,1.0921816283958927
2025-07-31,1.1144170474923942,1.0316056366479724,0.9252658467248984,0.9570767986415698,1.0865866890175642
2025-08-01,1.0865527461640625,1.0126568721591844,0.9033719196247781,0.9404398917027453,1.0696768363211826
2025-08-04,1.0917605405687953,1.0160993358258898,0.9074971827144542,0.9434907102371377,1.0720752493861343
2025-08-05,1.0894517550087686,1.0147691059313086,0.9058669797726084,0.9424355401935544,1.0711207051170284
2025-08-06,1.144912328793059,1.0466025724021497,0.9477170581914177,0.9692668446876195,1.0887323386542997
2025-08-07,1.181313217996953,1.067644842717688,0.9761822037923249,0.987676930059439,1.0885972268394761
2025-08-08,1.2313512285411232,1.095974391384886,0.9777570527054389,0.988672352548191,1.0888253947216562
2025-08-11,1.2210848830810475,1.0901061065981732,0.9772999094975912,0.9883755475532451,1.0887268879588503
2025-08-12,1.2343610380191874,1.0978065513921658,0.9773730559321442,0.9884238820402067,1.0928753334645838
2025-08-13,1.254141009034861,1.108875853364592,0.9815461339622009,0.9910821638963192,1.101538285200744
2025-08-14,1.2511847888675818,1.1071505745612926,0.9801657969681425,0.9901661754170623,1.0999965716584286
2025-08-15,1.2447885630038658,1.103309495989917,0.9767462943020816,0.9878233923021512,1.0963627365698085
2025-08-18,1.2410261159397737,1.101004938918246,0.9741877234481613,0.9860364292406011,1.0941440321259162
2025-08-19,1.239252400303096,1.0999268917487832,0.9728844652965846,0.9851379860978379,1.093105753810812
2025-08-20,1.2147962474311493,1.0849268167312305,0.9547194520854386,0.9724273266074225,1.0787325269844972
2025-08-21,1.2088300531489062,1.0811411262941613,0.9502114159033499,0.9691652000346105,1.0752219091599826
2025-08-22,1.2242024474098288,1.089456115440074,0.9610668125356071,0.9758583850405321,1.0831736040813345
2025-08-25,1.2209776221410285,1.0876997281346032,0.9586735298411199,0.9743711924154829,1.0814839639749485
2025-08-26,1.2325335684348253,1.0942319476381728,0.9672318502533609,0.9798907067202378,1.087810254017988
2025-08-27,1.2388762049877566,1.0978782552101536,0.9719950932242905,0.9830155952787756,1.091339182881648
2025-08-28,1.2500022843369802,1.1045112578820164,0.980373629304114,0.9887160244046919,1.0977357668572725
2025-08-29,1.2477447008526954,1.1030968142348514,0.978662403214234,0.9874924274644565,1.096405400094995
2025-09-02,1.2347373979714262,1.0947327840239462,0.9688333421766675,0.9802800005105351,1.0888899851039957
2025-09-03,1.2817683978648238,1.1255740229222388,1.004497126874641,1.0069696525773004,1.1121161311589092
2025-09-04,1.2888095887823,1.1298151908898038,1.0097632069642728,1.010590363200978,1.1139404430786286
2025-09-05,1.2883257209346928,1.1295145618007345,1.0093411916724546,1.0102992320311242,1.1136122522065557
2025-09-08,1.278597079588358,1.1233145295190077,1.0036377398249774,1.006153093164368,1.1085629147276002
2025-09-09,1.2596235001063962,1.1108784055903431,0.9908684608877211,0.9966039741370657,1.098852847387225
2025-09-10,1.2189887260767147,1.0852931641530914,0.9617810970956767,0.9757449778963744,1.0820754210127055
2025-09-11,1.2364036880311853,1.0951592995241257,0.974114875420347,0.9837067659665679,1.0866683934792853
2025-09-12,1.2581184718896898,1.1047144908049251,0.9814861138710271,0.9873729735305179,1.0932575706614052
2025-09-15,1.272254689990776,1.1112372790046734,0.9882561856477364,0.9909541530133152,1.0983692585169482
2025-09-16,1.2800483538573806,1.1149757926126587,0.9924253804054802,0.9932509071669531,1.1015803416262064
2025-09-17,1.2845634385075007,1.117233265798996,0.9952386557455172,0.9948685312877785,1.1035709886254246
2025-09-18,1.2785970795883583,1.1140715218418535,0.9910010718153507,0.9922888899160901,1.1009287769956444
2025-09-19,1.319554377304145,1.1367421500259385,1.0209951569103155,1.0113683009165158,1.1159094378357752
2025-09-22,1.3764213618023462,1.1679415066946988,1.0630631049474821,1.037907502544452,1.120560491196562
2025-09-23,1.367552783618958,1.1630287931607841,1.0582387111253604,1.0348452874727663,1.1202293796439462
2025-09-24,1.356157934531314,1.1566291105262883,1.0574511299151375,1.0343399573493595,1.1163717786457996
2025-09-25,1.3806676767140451,1.1701679921973458,1.0639644997554385,1.038468747012857,1.1266569115131124
2025-09-26,1.3730890286381772,1.166129137724638,1.0603433950685182,1.0362570232022843,1.1232769134913239
2025-09-29,1.3675527836189578,1.1630646300505085,1.0574564697987543,1.0344190347345437,1.1204786593997433
2025-09-30,1.368627862572641,1.1636505693108445,1.058058942947337,1.0348003141467517,1.1210198971252197
2025-10-01,1.373035274690493,1.1660763897304325,1.0611095609162333,1.0367318551161928,1.123301104808188
2025-10-02,1.3820651970353834,1.1712631163088216,1.0676927053009058,1.041082561355401,1.1281997700525594
2025-10-03,1.3868487221501251,1.174115553328074,1.0712329968951768,1.0435116979476449,1.1308924637773767
2025-10-06,1.3797001879741801,1.1696541878259936,1.0659154341228088,1.0396932202642466,1.1266902249056938
2025-10-07,1.3785716843466116,1.1689076915650825,1.065071665324134,1.0390511128342326,1.1259967911451423
2025-10-08,1.387063902577761,1.1742656204406603,1.071392680724617,1.04363958130736,1.1308885950321448
2025-10-09,1.365456544296175,1.1602672936186413,1.055266167569345,1.0316184325912967,1.118957759496045
2025-10-10,1.3183181188258588,1.1285786264229074,1.0200933945046808,1.004416254306793,1.0976644500486223
2025-10-13,1.3311643245009752,1.1360668598905392,1.0293406903100089,1.0106142620031862,1.1008926968861044
2025-10-14,1.3317555356070512,1.1362261231651403,1.0292546809430825,1.010488922645378,1.101041867155217
2025-10-15,1.3401942468458656,1.1400952249579315,1.033389216733162,1.0126734893657598,1.1042271484236197
2025-10-16,1.3300355739180576,1.1351532063003866,1.026740107388735,1.0089503116686007,1.1000939202830817
2025-10-17,1.3560504266359454,1.14842599777754,1.0450460041932184,1.0197048950128975,1.1101788602612792
2025-10-20,1.4095312417038435,1.17505211203929,1.0836447613434537,1.0418557036727298,1.124712610637881
2025-10-21,1.4123799539757544,1.1764894117822244,1.085600137401236,1.04301531393098,1.1250723886120841
2025-10-22,1.389160224218993,1.164410976958091,1.0806498590498306,1.0400533494448918,1.1169758087964186
2025-10-23,1.3952338440781544,1.1677249351972618,1.083240186157636,1.0416807534391705,1.1194615971868151
2025-10-24,1.412648806032625,1.1762336034810963,1.0918005215759279,1.046518165177977,1.1268034468024013
2025-10-27,1.444844868823492,1.1927272616339664,1.1122114358839124,1.0585580837858004,1.1412611712748386
2025-10-28,1.445865946874142,1.1932526778459,1.1128730378262046,1.0589508250929582,1.1417202648379448
2025-10-29,1.4496285585751332,1.1952936359694362,1.1151889396592298,1.0604168055054461,1.1435740435470578
2025-10-30,1.4587660711338417,1.2004883707333809,1.1215245649925567,1.0645719476724713,1.1484126262882914
2025-10-31,1.4532298261146226,1.1971834502580103,1.1174752695432537,1.0617844470529203,1.1453163186134048
2025-11-03,1.4461347989310125,1.1927931666724865,1.1122430450907712,1.0580504327100917,1.1411995974230518
2025-11-04,1.4514561927963945,1.1960552984277273,1.116178016694398,1.0608357864744797,1.1442595109390064
2025-11-05,1.451993732273236,1.1963718726450785,1.1165756261526767,1.0611061769619206,1.144557620794955
2025-11-06,1.4500047538904723,1.1951102512948197,1.115096794602491,1.0600243438355756,1.143372025673404
2025-11-07,1.4430172346022307,1.1905597509642223,1.109898447432834,1.056119862549896,1.1391029559246777
2025-11-10,1.44958097851118,1.1948792386692746,1.1147815169553825,1.0598260195594043,1.1431406316979953
2025-11-11,1.4808937643362723,1.214977483885505,1.138006492958606,1.0770191223350865,1.161766018503105
2025-11-12,1.4713171651666184,1.2086281849015308,1.1308965177999797,1.0715814248233893,1.156053244770062
2025-11-13,1.46851949033355,1.2067312236543266,1.1289104759995714,1.0700436322571498,1.154294663595506
2025-11-14,1.4656141429682137,1.2048377554800116,1.1268001520076227,1.0684823225573712,1.1525377409757034
2025-11-17,1.4389823134694795,1.1875210297696595,1.1072151510160169,1.053793136609992,1.1364986531348649
2025-11-18,1.438874476300312,1.187446529493216,1.1071314957127982,1.0537266497710516,1.1364280626698449
2025-11-19,1.4449005160955204,1.1906997388936071,1.1113309180260733,1.0563374262336787,1.1394532215107067
2025-11-20,1.4324722411897646,1.183561925388041,1.1022545537230035,1.050325359980458,1.1328186552126265
2025-11-21,1.4606641699480856,1.2004069464014,1.1230722675139622,1.0646710853650478,1.1482946167188026
2025-11-24,1.4844986538875502,1.2138326943634188,1.1405744654412113,1.0760434619757677,1.1603515766029382
2025-11-25,1.4901476751829217,1.2170893056008425,1.1445232453630358,1.078691341703828,1.163305866613089
2025-11-26,1.4932682029758941,1.2189364935829639,1.1467037275453311,1.0801840650266128,1.1650126898077102
2025-11-28,1.500262472377015,1.2232483738469557,1.1517670188212847,1.0837866903884894,1.1690395026884415
2025-12-01,1.523128068162969,1.2379024706010426,1.1686180624762565,1.0962502584072698,1.182710412321036
2025-12-02,1.5397529376367773,1.2488792100811912,1.1809174188342955,1.1056234437839851,1.1928477509637432
2025-12-03,1.5287774187321395,1.241453968687742,1.1729455966973155,1.0994151723045595,1.185974422116681
2025-12-04,1.5102159254096064,1.2285668359752868,1.1594185108912916,1.0885748253658247,1.1740379984376237
2025-12-05,1.4998857831509775,1.221778515607763,1.1518517218545645,1.0828396953042638,1.167771823083263
2025-12-08,1.4950974835661508,1.2188964220141791,1.1484107874385117,1.080448726208131,1.1650943451983604
2025-12-09,1.4912774135872366,1.216695769873852,1.1456349507726773,1.078612177586978,1.1630379843242713
2025-12-10,1.4998857831509775,1.2216480222786013,1.151941287750855,1.082798730647847,1.1676792476447158
2025-12-11,1.4958505327444271,1.2192985345604537,1.1489663069994922,1.0807997375481295,1.1654766116516813
2025-12-12,1.4971957808501768,1.2200944568886982,1.1499579035783012,1.0814767940117098,1.1662224625338207
2025-12-15,1.4747602166456961,1.2064570715555305,1.1333961960450738,1.069859109817078,1.1534974232705983
2025-12-16,1.477450383583396,1.2081467694980015,1.1353860670608926,1.0713012782459013,1.1550586332453008
2025-12-17,1.4625474514413754,1.1998056290563281,1.1247571330022044,1.064435041802582,1.1472970913243192
2025-12-18,1.4644304036608662,1.2008842430210294,1.1261201668132934,1.0653360110779249,1.1483007639428842
2025-12-19,1.4723933965785982,1.2052034179549092,1.131886836377824,1.0689442317581,1.1523462774735453
2025-12-22,1.457866659751917,1.1969058349829749,1.1211965814518512,1.0618993747762464,1.144579906716649
2025-12-23,1.465345126274444,1.20133869706441,1.1267147322399607,1.0656727469447995,1.1487146362457543
2025-12-24,1.4731462811199754,1.205651464310376,1.1323914343251436,1.0692929935824151,1.1527572197167182
2025-12-26,1.4709404759405809,1.2043568220279766,1.130763967525324,1.0681910884689723,1.1515417568922053
2025-12-29,1.4728774290631048,1.205506816789062,1.1321914899248153,1.0691689780146525,1.152621403535367
2025-12-30,1.469218703245693,1.2032529082119452,1.129485517881471,1.067245667639377,1.1505047019549275
2025-12-31,1.4626549593367437,1.1990422722770409,1.1246240849770972,1.063647590961277,1.1465582493631983
2026-01-02,1.4580820048164524,1.1961055718389042,1.12124006103903,1.0611411788995087,1.1438176658666925
2026-01-05,1.4379064113312992,1.183376014515533,1.1063461299919255,1.0502998126960692,1.1320252670842852
2026-01-06,1.4115431046156366,1.1667315510124217,1.086862513565533,1.036110719317236,1.1169864746156237
2026-01-07,1.4006215866140321,1.1605258705184445,1.079014590940402,1.0309665234567835,1.1114577726317887
2026-01-08,1.3936813181159446,1.156961912817916,1.074321343711976,1.0281854582595675,1.1081985037424589
2026-01-09,1.3954565978031677,1.1578409264018579,1.075549785954742,1.0288973647309567,1.1090221603651065
2026-01-12,1.4001910611218606,1.1602145028952233,1.0789680760403013,1.030873241127121,1.1112454959475442
2026-01-13,1.404495328222181,1.1624660151616795,1.082130386174927,1.0327807774721232,1.1133566111140463
2026-01-14,1.398630961862274,1.159211179515613,1.0777863882575194,1.0300007273493785,1.1103239906485194
2026-01-15,1.389215542217223,1.1537496938628549,1.0708008346619424,1.0253286021560128,1.1053388840379657
2026-01-16,1.3747968071966084,1.1453968498557288,1.060125838503506,1.018198637990274,1.0980944092519969
2026-01-20,1.3272897597083295,1.1184584186201303,1.0251164799397672,0.9953133268146026,1.078026638132576
2026-01-21,1.33240099457151,1.1212062604660689,1.0288362963759508,0.9976172771752849,1.0792987179414297
2026-01-22,1.3361670636473908,1.1226850190950064,1.0296447276564393,0.9979333211205581,1.0804615999094833
2026-01-23,1.3344992095370867,1.1219360237761336,1.028610085965441,0.9974036583476804,1.0798094330640617
2026-01-26,1.3741511012768006,1.1403504072441175,1.0545669849021582,1.0113094236669151,1.0952020263594966
2026-01-27,1.389538395177127,1.1477001300929535,1.0654189406113794,1.0173001703604176,1.1006109407600198
2026-01-28,1.3796926969952532,1.1428620384912476,1.0602431850475669,1.0143739780517287,1.0965943786714198
2026-01-29,1.3895920668063613,1.1479308280428644,1.066313073015388,1.017965414566625,1.1008850459726562
2026-01-30,1.3960484674568416,1.1511828463945524,1.0706679233863723,1.0205082217387176,1.1035377372056951
2026-02-02,1.4527018355779517,1.1810203251406566,1.1110995748467323,1.0451224784616413,1.1241360693430422
2026-02-03,1.4498503244787493,1.1794524628678196,1.1090138413000281,1.0437960106392503,1.123550083636162
2026-02-04,1.4875651807774894,1.200136900595225,1.1157799652738285,1.0480927473207053,1.134882721931729
2026-02-05,1.4844446529845172,1.198388877968385,1.1142193976187353,1.047078485687122,1.133810558934076
2026-02-06,1.4963350591396325,1.2051438717332743,1.1180175461665574,1.0495977082254297,1.1390285146574137
2026-02-09,1.4788868405314646,1.195074459836273,1.108532680836627,1.0432190605060474,1.130658083797152
2026-02-10,1.4738245851458829,1.1920238966420704,1.105220553692256,1.0408967899777646,1.1281860638695838
2026-02-11,1.4836257490464437,1.1974154653790423,1.111692577695863,1.0450646881269827,1.1322759036619228
2026-02-12,1.409471478509328,1.1561121188347152,1.0599350583656872,1.0114863924677904,1.108627498477696
2026-02-13,1.3774294335379358,1.137245684631198,1.0370604053248993,0.9958169239098468,1.1083355548377418
2026-02-17,1.4210497331030063,1.1536427615855045,1.0370580191573924,0.9956940323124315,1.109421341319936
2026-02-18,1.4235808607957972,1.1544906868388456,1.0372068978020983,0.9957547468685832,1.109533210165295
2026-02-19,1.4032783322611355,1.1471838186099568,1.0362258655380596,0.9953385140714271,1.1051067652951834
2026-02-20,1.4248192595537765,1.1554701195000212,1.042871914230691,0.9983474131025608,1.1110191199534623
2026-02-23,1.433435531688693,1.1586460157432892,1.0463584019450027,0.9998721011583078,1.1135492467522534
2026-02-24,1.4655316598815684,1.1710929000889454,1.062519211838417,1.007282692807367,1.1240303806537808
2026-02-25,1.4767867322415436,1.1756448736220597,1.0693696398422003,1.0105716424566682,1.1277463577135702
2026-02-26,1.4698935498967107,1.17272572568512,1.0654508329896,1.0086195574001264,1.1252982526240172
2026-02-27,1.4226653149977218,1.151725046448374,1.0351701553022428,0.992644569957698,1.1087065572715489
2026-03-02,1.4255731319165506,1.1530502376957354,1.0371111933834736,0.9936925141442196,1.109485194306325
2026-03-03,1.420349697006366,1.151030421468215,1.0351132144270496,0.9927571962521191,1.107820703387986
2026-03-04,1.4137256959922027,1.1483671935991753,1.0314057790225715,0.9909974453461328,1.1053932806238238
2026-03-05,1.4017167512694533,1.143400047705881,1.023720190801388,0.9872383323939771,1.1007886617180416
2026-03-06,1.3864764781203733,1.1369375416643008,1.0134179870068638,0.982073984853273,1.0947839607444187
2026-03-09,1.3995088058103655,1.142446722958357,1.0223183509652412,0.9865236490011542,1.0999000866364947
2026-03-10,1.4046247328251815,1.1445452484751872,1.0257979265179222,0.9882108680279407,1.1018592755879986
2026-03-11,1.4045170602929136,1.1444829921386133,1.0257224788972417,0.988159670006717,1.1018018509098002
2026-03-12,1.3773217610056678,1.1320757715340284,1.006848649771794,0.9779796927405289,1.090515324161322
2026-03-13,1.346949134195125,1.1174272193083206,0.9856315007599318,0.9658870215153802,1.0782027108401138
2026-03-16,1.361489288929115,1.1237801203087472,0.994800848883894,0.9706168901937285,1.0834213124473115
2026-03-17,1.3690823427336887,1.12674817888138,0.9987106483396118,0.9724194598708653,1.0860766270006936
2026-03-18,1.3459798344493656,1.117169186555778,0.9845842738894846,0.9654913176064812,1.0773193349394086
2026-03-19,1.340702398636148,1.1148330048178468,0.9810320923612211,0.9636346458350368,1.0752022961799421
2026-03-20,1.3354786344521645,1.1126596460688374,0.9777161631477229,0.9620042537052205,1.0731860232946806
2026-03-23,1.3543269252536125,1.1206605072322857,0.9903693780370924,0.9683477715601326,1.080686019177685
2026-03-24,1.3551346338825205,1.12100281287977,0.9909142913884257,0.9686206738770347,1.081006762991223
2026-03-25,1.360412152014188,1.123377335505446,0.9944764939757821,0.9705227974837328,1.083240713809927
2026-03-26,1.361866225110502,1.1240526919538767,0.9954723374530872,0.9710695947684025,1.0838758787098082
2026-03-27,1.3398406891042063,1.1130578688365882,0.98011187519446,0.9620074594682382,1.0736911654868222
2026-03-30,1.32815476197826,1.1068936383575325,0.9719294520991505,0.9569079095449643,1.0682562222065501
2026-03-31,1.3667128884761985,1.1254401444312512,0.9973937879054301,0.9713760762861504,1.0842210087353434
2026-04-01,1.3766217249090273,1.1300604216706327,1.0040443345824694,0.9750533820723218,1.0878416568693985
2026-04-02,1.3781833882191592,1.130798745166817,1.0046353719615129,0.9753951582879153,1.0884611923352245
2026-04-06,1.394015860295712,1.1386966585645653,1.0140118351504792,0.9809320636319401,1.0955880158986346
2026-04-07,1.3651511428476168,1.1236266931916294,0.9948720424468396,0.9690992098064266,1.0822458819177894
2026-04-08,1.3942313699971471,1.139450637564358,1.0144132859433506,0.9816836460002931,1.0954808210473856
2026-04-09,1.40279380586593,1.1434346310832295,1.019403547204622,0.9844279765741858,1.0988729188743076
2026-04-10,1.402739969599796,1.1433964138230899,1.0193414298119081,0.9844005230828666,1.0988205369307282
2026-04-13,1.3958469518918626,1.1398751164289127,1.0149071554152298,0.981718572054958,1.0955917671365605
2026-04-14,1.3938543514973103,1.1387991123281733,1.013533656829009,0.9808410538141967,1.0946336324838861
2026-04-15,1.4347819322527386,1.1605880474296464,1.0415802323945924,0.998527090105703,1.1127448741502162
2026-04-16,1.4184647691440813,1.151718584378086,1.0302947574188908,0.9912569700055466,1.107135959107942
2026-04-17,1.4552458049489025,1.1720244858492304,1.0483536400243303,1.0030779261821896,1.1200304135663288
2026-04-20,1.4704319125580496,1.1798285345172104,1.056876375920591,1.008310606608553,1.1244081133943487
2026-04-21,1.4333818600594583,1.1604057748905725,1.0411447322076788,0.998513670904273,1.112784178824715
2026-04-22,1.4710784416623548,1.1810329592736264,1.0620835051582451,1.0120889956925068,1.1234907213963268
2026-04-23,1.4724783492187357,1.1816008115428374,1.0624555409695258,1.0122454119433466,1.123848671627728
2026-04-24,1.4597153674963126,1.1756467566010171,1.0592102290623615,1.0104549552773026,1.1190336748715783
2026-04-27,1.4411364226624332,1.1664995629876422,1.0499549463089144,1.0050627380606436,1.1111733007865772
2026-04-28,1.4578306042709277,1.1745401459311349,1.0597205352357184,1.0106359007345502,1.1182175819482174
2026-04-29,1.4549226227151997,1.173198228108062,1.0579205959649325,1.0096728974102036,1.1170313211727145
2026-04-30,1.461277277761794,1.1762025766147168,1.0620115413449693,1.0119625808977901,1.1196711069702963
2026-05-01,1.50861334982995,1.1993418792108315,1.0941013410897287,1.0305329261742362,1.1384091198136692
2026-05-04,1.4907879480850459,1.1903216468020916,1.081828148941469,1.0231748928857054,1.1330261761591722
2026-05-05,1.530369457550227,1.2106829593588255,1.0974159199164393,1.032680011846797,1.14658597489283
2026-05-06,1.5483023671904992,1.2192997263681566,1.106295995454383,1.037778185416831,1.1523956882374453
2026-05-07,1.5479253486906623,1.2191060820900876,1.1060470690128308,1.0376378192763323,1.152187108148285
2026-05-08,1.579590292843768,1.2352035559323429,1.121559908553565,1.0470342664510417,1.166179555237361
2026-05-11,1.577595881443321,1.2341407618313878,1.1202545776555843,1.0462069114685386,1.1652520538877902
2026-05-12,1.5890229993632656,1.2402746256480648,1.126724516565553,1.0503666184779106,1.1708027497436004
2026-05-13,1.610961030857481,1.2523476659064152,1.1406762734317166,1.0595378444266137,1.1818590812283156
2026-05-14,1.6074035567332567,1.2503124801585166,1.138309657965036,1.0579206299108135,1.1799973444396974
2026-05-15,1.6182918180811638,1.2566450971107126,1.1454151767596954,1.0628661389067897,1.1858339359215984
2026-05-18,1.60540914533281,1.2490517349162942,1.1367903885188377,1.0567913945873935,1.1788241518319833
2026-05-19,1.611500052066418,1.2527450729783904,1.1408835166740285,1.0597570118357245,1.1822283468664039
2026-05-20,1.6291799147921713,1.2629720996330058,1.1526929082423178,1.0679195304448474,1.191674322374461
2026-05-21,1.6439488324980054,1.2718016386610038,1.1626434999595543,1.075029142765404,1.1997993785711643
2026-05-22,1.664593311872912,1.2844476168843686,1.1764129242098493,1.0851180348465792,1.2114278871683108
2026-05-26,1.6619520420943608,1.282775523055,1.1746484643527138,1.0837827868943115,1.2098959377715441
2026-05-27,1.6755354094869528,1.2914746595824558,1.1836115190424392,1.090653832177298,1.217897927208121
2026-05-28,1.684483095700547,1.2972659944489726,1.1896027049054767,1.0952897215692423,1.2231971222166556
2026-05-29,1.6820575002603306,1.295643399854777,1.1879768826682398,1.0939896874218962,1.2217451240926072
2026-06-01,1.6510639453833535,1.2745044386053757,1.1671086049564785,1.07697366535048,1.203733306356507
2026-06-02,1.6989826674388124,1.3075363646718088,1.1994866031397142,1.1036542419894586,1.226954689814087
2026-06-03,1.6723551184994652,1.2922282974266581,1.1829212188903075,1.0922622181906438,1.2179564085187153
2026-06-04,1.6775836571535339,1.2952455754274306,1.1848942609474957,1.0936270852571073,1.2198720478059537
2026-06-05,1.6566158309080248,1.2844146056455916,1.1753405698806143,1.0877753738230656,1.2125019943965871
2026-06-08,1.6253529300634786,1.26758014249588,1.156723530285255,1.075811719859444,1.2025233716280133
2026-06-09,1.566114762620343,1.2377728581145073,1.1204445557061986,1.0540605727004224,1.1902810587299557
2026-06-10,1.5716666481450141,1.2402335382720149,1.1237398308450999,1.055797848806176,1.1908036835160873
2026-06-11,1.5934968424700626,1.2480123582285192,1.1262409151987733,1.0568179313286554,1.195736841694453
2026-06-12,1.5692412173416974,1.2388120277329009,1.1167332257168132,1.0525025292697097,1.1887571975924893
2026-06-15,1.5977551758754247,1.250230956900348,1.1309275029873198,1.059290950043885,1.1979179754297222
2026-06-16,1.6129554422579282,1.2559683796913683,1.1389676671843108,1.0629423465360925,1.2027783551639761
2026-06-17,1.5952217432660412,1.2489555986110081,1.129220951123672,1.0583232385599406,1.1965144590162344
2026-06-18,1.6063255143153832,1.2535714180745396,1.1360522173473477,1.0617238328812904,1.200675697612649
2026-06-22,1.600935466862913,1.2513806300459231,1.1325954844784405,1.0600546084238784,1.1986913030035151
2026-06-23,1.586327893318581,1.2451328781727986,1.1228755123137228,1.0550772208746628,1.1931993742917562
2026-06-24,1.5797518016421697,1.2422371340561553,1.1184280156618058,1.0527329091967954,1.1908959928456233
2026-06-25,1.4831061549916458,1.200531751770081,1.053508396137236,1.0191992734679645,1.1663297011065814
2026-06-26,1.5296233231217287,1.2215751764674354,1.0851096714536217,1.0362848040970163,1.1661347103900914
2026-06-29,1.5186273892415538,1.2181713234271023,1.0845864237908271,1.0360062141925659,1.166043421734658
2026-06-30,1.559700509016133,1.231189502259324,1.0859498913294878,1.0365213165598846,1.167548406953916
2026-07-01,1.5867592419952503,1.2398593319040974,1.0927835281614924,1.0391705886161668,1.168260892706818
2026-07-02,1.6635691057211726,1.265509641403952,1.106640832896504,1.044809416478438,1.1703528107401957
2026-07-06,1.6852916275139533,1.2729520604544604,1.112843588869031,1.0474489839272174,1.170420730793441
2026-07-07,1.6745112033352136,1.2691479554615637,1.1125608268985168,1.0473283176086032,1.1683405173606753
2026-07-08,1.6892264494118132,1.2746070994650665,1.1152571658313968,1.04857424351009,1.1723386100032422
2026-07-09,1.7044805520604505,1.2803251919433474,1.1210504039734681,1.051281132381308,1.1770697476695642
2026-07-10,1.6996295258169172,1.2784011038052407,1.1184329793317913,1.0499882115055017,1.1754082021261154
2026-07-13,1.7103557844557242,1.2828359979065207,1.1246095995987526,1.053177022928117,1.1792030986253188
2026-07-14,1.6971499294736676,1.2772118801284353,1.116478639796456,1.0488538527103064,1.1746681913830308
2026-07-15,1.7652817822273636,1.30766599836969,1.159103258526718,1.0726377408880428,1.1944485778239498
2026-07-16,1.7963291733704747,1.3210941782668275,1.1784953977514014,1.0831154533412097,1.1978944466593697
2026-07-17,1.7989162776090928,1.3222239432035867,1.1785845256182912,1.083172112727846,1.1983672506942287
2026-07-20,1.7603765904438973,1.3045956374571972,1.1672045943618954,1.0766656196354891,1.1867995329599874
2026-07-21,1.7665753343466726,1.307567340641311,1.1700458599060408,1.0783648897520808,1.188767959251115
2026-07-22,1.7566036066182378,1.3033585095743598,1.165816964038702,1.076137981271316,1.1856631003145774
2026-07-23,1.7338032070444827,1.293344739310588,1.1531695593802815,1.0692306950486252,1.1783551701479422
2026-07-24,1.795035456614266,1.320325225706119,1.189958982472109,1.0893799554328394,1.1949540089044322
2026-07-27,1.8160032828597747,1.328900734662597,1.2025512924629402,1.095790844066777,1.1984280643426697
2026-07-28,1.833089958836658,1.3360787317843676,1.2070121451165599,1.0981368723173084,1.2025612721069847
2026-07-29,1.8229027214067883,1.3316031101255075,1.2024958763903277,1.0956637134218363,1.199713989555254
2026-07-30,1.7972453777161477,1.3198425073867663,1.188612381351474,1.0877283328991671,1.192909680486084
2026-07-31,1.6650784968157157,1.259337312739976,1.1100068599996735,1.0428889496275053,1.1711685569173513
2026-08-03,1.6354864958641144,1.2463695843018194,1.0923574120337753,1.0332810147945934,1.171024029407897
2026-08-04,1.6676117647881998,1.254631099903064,1.0918689003226314,1.0330138470519155,1.1734279278124022
2026-08-05,1.676343941300359,1.2568609161180062,1.0927859619466576,1.03330863340948,1.1746188666443484
2026-08-06,1.6839440744916105,1.2589161506707776,1.094293728100855,1.0338243911106313,1.1761992718073755
2026-08-07,1.6889029379043115,1.2603426782999767,1.0961831276111078,1.0345148155793962,1.1774230939259764
2026-08-10,1.6630078585308041,1.2522918381867063,1.0821185804227649,1.0289875820342953,1.170246955109266
2026-08-11,1.644935172162863,1.2462611030165975,1.0713043988087028,1.0244319248236347,1.1649326678626015
2026-08-12,1.630584926092437,1.2415936950819277,1.0629258555724743,1.0209922965026825,1.1607709132591306
2026-08-13,1.646823392763137,1.246881277796259,1.072586230489949,1.0249612415307732,1.1655382395927545
2026-08-14,1.6504378312545855,1.2480608547605612,1.0747698001117318,1.0258606659853924,1.1666075851775888
2026-08-17,1.6486036115573446,1.247411795295135,1.0736357803887449,1.0253543787313777,1.1660153802261735
2026-08-18,1.6725566340644435,1.2561668013471299,1.0885720909042256,1.0322452609196784,1.1739296978012765
2026-08-19,1.7092413572830618,1.270111454968046,1.1115477149414232,1.0432720990918585,1.1861577133229817
2026-08-20,1.6794079986368053,1.258348417711914,1.0932225696586784,1.0341557194601083,1.1762816282330493
2026-08-21,1.6688881946699616,1.2539994005102244,1.0871770925839817,1.031019444878251,1.1725762953561805
2026-08-24,1.674229015689484,1.256016809162698,1.0900951332404039,1.0324097735006978,1.1743891066215952
2026-08-25,1.6718552808726075,1.2550989920785571,1.0886543343774258,1.0317066951853033,1.1735498297369138
2026-08-26,1.6910069974798199,1.2628629724354514,1.1004227075599695,1.0377297284722842,1.1806244059528979
2026-08-27,1.697103007957312,1.2654080817686946,1.1042150794904206,1.0397291789556744,1.1829287268336237
2026-08-28,1.724724634495792,1.2774606683188439,1.1213107268052485,1.0491531377167318,1.1937297071274258
